experiment,cycle,start_peak_temp_c,end_peak_temp_c,old_frequencies_mhz,new_frequencies_mhz,active_cores,predicted_core_temps_c,predicted_temp_errors_c,start_core_temps_c,end_core_temps_c,start_core_powers_w,end_core_powers_w,start_core_utilizations,end_core_utilizations,start_core_cpis,end_core_cpis,start_core_rel_nuca_cpis,end_core_rel_nuca_cpis,start_core_ips,end_core_ips,start_core_task_ids,end_core_task_ids,start_core_thread_ids,end_core_thread_ids
"parsec-streamcluster-simsmall-3",0,68.61,67.45,"4000;4000;4000;4000","1500;2500;2500;1000","1;1;1;1","nan;nan;nan;nan","nan;nan;nan;nan","68.61;62.25;67.97;64.95","51.76;59.09;67.45;47.27","0.9157184447;1.696444452;0.8625107297;0.8362399045","1.138135962;2.062374404;2.832788984;0.6109019087","0.3960573477;0.323838081;0.3219512195;0.1148919135","0.3250975293;0.1667778519;0.2679528403;0.2986857826","0.558;0.667;0.615;2.498","0.769;1.499;0.933;0.837","0;0;0;0","0;0;0;0","-1792114.695;-1499250.375;-1626016.26;-400320.2562","1950585176;1667778519;2679528403;1194743130","0;0;0;0","0;0;0;0","1;0;2;3","3;2;1;0"
"parsec-streamcluster-simsmall-3",1,67.45,78.35,"1500;2500;2500;1000","1000;1000;2500;1500","1;1;1;1","nan;nan;nan;nan","nan;nan;nan;nan","51.76;59.09;67.45;47.27","48.13;50.04;78.35;53.05","1.138135962;2.062374404;2.832788984;0.6109019087","0.5294296037;0.5384706347;3.298873054;1.199813391","0.3250975293;0.1667778519;0.2679528403;0.2986857826","0.1836884644;0.1965408805;0.3320053121;0.3612716763","0.769;1.499;0.933;0.837","1.361;1.272;0.753;0.692","0;0;0;0","0;0;0;0","1950585176;1667778519;2679528403;1194743130","734753857.5;786163522;3320053121;2167630058","0;0;0;0","0;0;0;0","3;2;1;0","1;0;3;2"
"parsec-streamcluster-simsmall-3",2,78.35,74.33,"1000;1000;2500;1500","2000;1000;2500;1500","1;1;1;1","nan;nan;nan;nan","nan;nan;nan;nan","48.13;50.04;78.35;53.05","53.61;49.3;74.33;53.34","0.5294296037;0.5384706347;3.298873054;1.199813391","1.328234242;0.6462882537;2.626254024;1.089825942","0.1836884644;0.1965408805;0.3320053121;0.3612716763","0.1680107527;0.3521126761;0.2431906615;0.3008423586","1.361;1.272;0.753;0.692","1.488;0.71;1.028;0.831","0;0;0;0","0;0;0;0","734753857.5;786163522;3320053121;2167630058","1344086022;1408450704;2431906615;1805054152","0;0;0;0","0;0;0;0","1;0;3;2","0;2;3;1"
"parsec-streamcluster-simsmall-3",3,74.33,71.46,"2000;1000;2500;1500","1500;2500;1000;1000","1;1;1;1","nan;nan;nan;nan","nan;nan;nan;nan","53.61;49.3;74.33;53.34","51.57;71.46;56.42;48.81","1.328234242;0.6462882537;2.626254024;1.089825942","0.8962397165;3.049022554;0.6695009147;0.5320213787","0.1680107527;0.3521126761;0.2431906615;0.3008423586","0.2004811548;0.2994011976;0.3881987578;0.1879699248","1.488;0.71;1.028;0.831","1.247;0.835;0.644;1.33","0;0;0;0","0;0;0;0","1344086022;1408450704;2431906615;1805054152","1202886929;2994011976;1552795031;751879699.2","0;0;0;0","0;0;0;0","0;2;3;1","1;3;2;0"
"parsec-streamcluster-simsmall-3",4,71.46,66.23,"1500;2500;1000;1000","2000;1000;2000;2000","1;1;1;1","nan;nan;nan;nan","nan;nan;nan;nan","51.57;71.46;56.42;48.81","66.23;55.47;58.39;56.27","0.8962397165;3.049022554;0.6695009147;0.5320213787","2.399815902;0.7376952457;1.469405852;1.539015032","0.2004811548;0.2994011976;0.3881987578;0.1879699248","0.3448275862;0.3881987578;0.1622323167;0.1766784452","1.247;0.835;0.644;1.33","0.725;0.644;1.541;1.415","0;0;0;0","0;0;0;0","1202886929;2994011976;1552795031;751879699.2","2758620690;1552795031;1297858533;1413427562","0;0;0;0","0;0;0;0","1;3;2;0","2;1;0;3"
"parsec-streamcluster-simsmall-3",5,66.23,77.98,"2000;1000;2000;2000","2500;2500;2000;1000","1;1;1;1","nan;nan;nan;nan","nan;nan;nan;nan","66.23;55.47;58.39;56.27","77.98;65.93;60.66;50.22","2.399815902;0.7376952457;1.469405852;1.539015032","3.287035874;2.378523764;1.682246432;0.5954050637","0.3448275862;0.3881987578;0.1622323167;0.1766784452","0.3267973856;0.2074688797;0.2522704339;0.2790178571","0.725;0.644;1.541;1.415","0.765;1.205;0.991;0.896","0;0;0;0","0;0;0;0","2758620690;1552795031;1297858533;1413427562","3267973856;2074688797;2018163471;1116071429","0;0;0;0","0;0;0;0","2;1;0;3","3;2;0;1"
"parsec-streamcluster-simsmall-3",6,77.98,79.61,"2500;2500;2000;1000","1500;2500;1500;2000","1;1;1;1","nan;nan;nan;nan","nan;nan;nan;nan","77.98;65.93;60.66;50.22","60.39;79.61;52.27;60.53","3.287035874;2.378523764;1.682246432;0.5954050637","1.110340441;3.424857914;0.7383517685;1.918861592","0.3267973856;0.2074688797;0.2522704339;0.2790178571","0.3078817734;0.3434065934;0.1159554731;0.307503075","0.765;1.205;0.991;0.896","0.812;0.728;2.156;0.813","0;0;0;0","0;0;0;0","3267973856;2074688797;2018163471;1116071429","1847290640;3434065934;695732838.6;2460024600","0;0;0;0","0;0;0;0","3;2;0;1","1;3;0;2"
"parsec-streamcluster-simsmall-3",7,79.61,71.32,"1500;2500;1500;2000","2500;2000;1000;2000","1;1;1;1","nan;nan;nan;nan","nan;nan;nan;nan","60.39;79.61;52.27;60.53","71.32;68.16;49.31;65.89","1.110340441;3.424857914;0.7383517685;1.918861592","2.734060254;1.902622772;0.5461438077;2.183534732","0.3078817734;0.3434065934;0.1159554731;0.307503075","0.2525252525;0.304136253;0.207641196;0.3725782414","0.812;0.728;2.156;0.813","0.99;0.822;1.204;0.671","0;0;0;0","0;0;0;0","1847290640;3434065934;695732838.6;2460024600","2525252525;2433090024;830564784.1;2980625931","0;0;0;0","0;0;0;0","1;3;0;2","3;2;0;1"
"parsec-streamcluster-simsmall-3",8,71.32,69.45,"2500;2000;1000;2000","1500;2000;2000;2000","1;1;1;1","nan;nan;nan;nan","nan;nan;nan;nan","71.32;68.16;49.31;65.89","58.79;66.84;63.51;69.45","2.734060254;1.902622772;0.5461438077;2.183534732","1.087998931;2.006207022;2.203101362;2.380372792","0.2525252525;0.304136253;0.207641196;0.3725782414","0.2369668246;0.2623294858;0.300120048;0.3342245989","0.99;0.822;1.204;0.671","1.055;0.953;0.833;0.748","0;0;0;0","0;0;0;0","2525252525;2433090024;830564784.1;2980625931","1421800948;2098635887;2400960384;2673796791","0;0;0;0","0;0;0;0","3;2;0;1","0;1;3;2"
"parsec-streamcluster-simsmall-3",9,69.45,72.34,"1500;2000;2000;2000","1000;1500;1500;2000","1;1;1;1","nan;nan;nan;nan","nan;nan;nan;nan","58.79;66.84;63.51;69.45","50.58;59.84;60.16;72.34","1.087998931;2.006207022;2.203101362;2.380372792","0.4747553327;1.269032912;1.455124012;2.526233982","0.2369668246;0.2623294858;0.300120048;0.3342245989","0.08378016086;0.3125;0.3912363067;0.3660322108","1.055;0.953;0.833;0.748","2.984;0.8;0.639;0.683","0;0;0;0","0;0;0;0","1421800948;2098635887;2400960384;2673796791","335120643.4;1875000000;2347417840;2928257687","0;0;0;0","0;0;0;0","0;1;3;2","3;0;1;2"
"parsec-streamcluster-simsmall-3",10,72.34,79.76,"1000;1500;1500;2000","1500;1500;2500;2000","1;1;1;1","nan;nan;nan;nan","nan;nan;nan;nan","50.58;59.84;60.16;72.34","55.73;55.06;79.76;59.8","0.4747553327;1.269032912;1.455124012;2.526233982","1.291792822;0.9862909915;3.560853694;1.267986752","0.08378016086;0.3125;0.3912363067;0.3660322108","0.4019292605;0.244140625;0.3612716763;0.1516070346","2.984;0.8;0.639;0.683","0.622;1.024;0.692;1.649","0;0;0;0","0;0;0;0","335120643.4;1875000000;2347417840;2928257687","2411575563;1464843750;3612716763;1212856277","0;0;0;0","0;0;0;0","3;0;1;2","2;1;3;0"
"parsec-streamcluster-simsmall-3",11,79.76,76.09,"1500;1500;2500;2000","2500;2000;2500;1500","1;1;1;1","nan;nan;nan;nan","nan;nan;nan;nan","55.73;55.06;79.76;59.8","69.75;60.47;76.09;57.57","1.291792822;0.9862909915;3.560853694;1.267986752","2.749141164;1.745152332;2.772197284;1.225824761","0.4019292605;0.244140625;0.3612716763;0.1516070346","0.254841998;0.265674814;0.2577319588;0.366568915","0.622;1.024;0.692;1.649","0.981;0.941;0.97;0.682","0;0;0;0","0;0;0;0","2411575563;1464843750;3612716763;1212856277","2548419980;2125398512;2577319588;2199413490","0;0;0;0","0;0;0;0","2;1;3;0","0;2;3;1"
"parsec-streamcluster-simsmall-3",12,76.09,66.97,"2500;2000;2500;1500","2500;1500;1500;2000","1;1;1;1","nan;nan;nan;nan","nan;nan;nan;nan","69.75;60.47;76.09;57.57","66.97;57.91;59.99;62.24","2.749141164;1.745152332;2.772197284;1.225824761","2.163894534;1.285242942;1.056055819;1.848683422","0.254841998;0.265674814;0.2577319588;0.366568915","0.1793400287;0.3987240829;0.2812148481;0.2917152859","0.981;0.941;0.97;0.682","1.394;0.627;0.889;0.857","0;0;0;0","0;0;0;0","2548419980;2125398512;2577319588;2199413490","1793400287;2392344498;1687289089;2333722287","0;0;0;0","0;0;0;0","0;2;3;1","0;2;3;1"
"parsec-streamcluster-simsmall-3",13,66.97,66.94,"2500;1500;1500;2000","1500;2500;2000;1000","1;1;1;1","nan;nan;nan;nan","nan;nan;nan;nan","66.97;57.91;59.99;62.24","56.4;64.05;66.94;53.06","2.163894534;1.285242942;1.056055819;1.848683422","0.9565973925;2.134832424;2.162784592;0.6695079247","0.1793400287;0.3987240829;0.2812148481;0.2917152859","0.2319109462;0.1775568182;0.3725782414;0.3863987635","1.394;0.627;0.889;0.857","1.078;1.408;0.671;0.647","0;0;0;0","0;0;0;0","1793400287;2392344498;1687289089;2333722287","1391465677;1775568182;2980625931;1545595054","0;0;0;0","0;0;0;0","0;2;3;1","1;0;3;2"
"parsec-streamcluster-simsmall-3",14,66.94,80.19,"1500;2500;2000;1000","2000;2500;1000;1500","1;1;1;1","nan;nan;nan;nan","nan;nan;nan;nan","56.4;64.05;66.94;53.06","55.82;80.19;53.94;55.38","0.9565973925;2.134832424;2.162784592;0.6695079247","1.257735382;3.486508384;0.6099077887;1.200984312","0.2319109462;0.1775568182;0.3725782414;0.3863987635","0.1494321578;0.3546099291;0.300120048;0.3597122302","1.078;1.408;0.671;0.647","1.673;0.705;0.833;0.695","0;0;0;0","0;0;0;0","1391465677;1775568182;2980625931;1545595054","1195457262;3546099291;1200480192;2158273381","0;0;0;0","0;0;0;0","1;0;3;2","1;2;3;0"
"parsec-streamcluster-simsmall-3",15,80.19,82.41,"2000;2500;1000;1500","2500;2500;2000;2000","1;1;1;1","nan;nan;nan;nan","nan;nan;nan;nan","55.82;80.19;53.94;55.38","79.49;82.41;61.05;55.52","1.257735382;3.486508384;0.6099077887;1.200984312","3.662859684;3.366746724;1.818738612;1.309825112","0.1494321578;0.3546099291;0.300120048;0.3597122302","0.3692762186;0.3311258278;0.2808988764;0.1592356688","1.673;0.705;0.833;0.695","0.677;0.755;0.89;1.57","0;0;0;0","0;0;0;0","1195457262;3546099291;1200480192;2158273381","3692762186;3311258278;2247191011;1273885350","0;0;0;0","0;0;0;0","1;2;3;0","2;1;0;3"
"parsec-streamcluster-simsmall-3",16,82.41,77.86,"2500;2500;2000;2000","2500;2500;1500;2000","1;1;1;1","nan;nan;nan;nan","nan;nan;nan;nan","79.49;82.41;61.05;55.52","68.88;77.86;54.06;65.29","3.662859684;3.366746724;1.818738612;1.309825112","2.124604654;2.833975924;0.8979172235;2.234065742","0.3692762186;0.3311258278;0.2808988764;0.1592356688","0.1717032967;0.2634351949;0.1977848101;0.381097561","0.677;0.755;0.89;1.57","1.456;0.949;1.264;0.656","0;0;0;0","0;0;0;0","3692762186;3311258278;2247191011;1273885350","1717032967;2634351949;1186708861;3048780488","0;0;0;0","0;0;0;0","2;1;0;3","4;0;6;5"
"parsec-streamcluster-simsmall-3",17,77.86,76.68,"2500;2500;1500;2000","2000;2000;2500;2500","1;1;1;1","nan;nan;nan;nan","nan;nan;nan;nan","68.88;77.86;54.06;65.29","60.17;66.19;73.48;76.68","2.124604654;2.833975924;0.8979172235;2.234065742","1.366425332;1.692171362;3.137667394;3.198400574","0.1717032967;0.2634351949;0.1977848101;0.381097561","0.1724137931;0.2502502503;0.3022974607;0.3105590062","1.456;0.949;1.264;0.656","1.45;0.999;0.827;0.805","0;0;0;0","0;0;0;0","1717032967;2634351949;1186708861;3048780488","1379310345;2002002002;3022974607;3105590062","0;0;0;0","0;0;0;0","4;0;6;5","0;5;4;6"
"parsec-streamcluster-simsmall-3",18,76.68,77.39,"2000;2000;2500;2500","1000;2500;2500;1000","1;1;1;1","nan;nan;nan;nan","nan;nan;nan;nan","60.17;66.19;73.48;76.68","51.09;77.39;76.43;56.79","1.366425332;1.692171362;3.137667394;3.198400574","0.4786539687;3.079706594;2.916907994;0.6799480437","0.1724137931;0.2502502503;0.3022974607;0.3105590062","0.1102292769;0.3026634383;0.2815315315;0.4012841091","1.45;0.999;0.827;0.805","2.268;0.826;0.888;0.623","0;0;0;0","0;0;0;0","1379310345;2002002002;3022974607;3105590062","440917107.6;3026634383;2815315315;1605136437","0;0;0;0","0;0;0;0","0;5;4;6","6;5;0;4"
"parsec-streamcluster-simsmall-3",19,77.39,65.63,"1000;2500;2500;1000","1500;1000;2000;1000","1;1;1;1","nan;nan;nan;nan","nan;nan;nan;nan","51.09;77.39;76.43;56.79","57.21;57.95;65.63;50.73","0.4786539687;3.079706594;2.916907994;0.6799480437","1.386003371;0.7174918787;1.690775772;0.5304377367","0.1102292769;0.3026634383;0.2815315315;0.4012841091","0.3692762186;0.365497076;0.2066115702;0.1494321578","2.268;0.826;0.888;0.623","0.677;0.684;1.21;1.673","0;0;0;0","0;0;0;0","440917107.6;3026634383;2815315315;1605136437","2215657312;1461988304;1652892562;597728631.2","0;0;0;0","0;0;0;0","6;5;0;4","6;4;0;5"
"parsec-streamcluster-simsmall-3",20,65.63,57.18,"1500;1000;2000;1000","1000;1500;2500;1500","1;1;1;1","nan;nan;nan;nan","nan;nan;nan;nan","57.21;57.95;65.63;50.73","51.87;55.32;57.18;54.9","1.386003371;0.7174918787;1.690775772;0.5304377367","0.6806913877;1.009687648;1.266543711;1.199942331","0.3692762186;0.365497076;0.2066115702;0.1494321578","0.4038772213;0.2588357588;0.06364562118;0.3607503608","0.677;0.684;1.21;1.673","0.619;0.962;3.928;0.693","0;0;0;0","0;0;0;0","2215657312;1461988304;1652892562;597728631.2","1615508885;1559251559;636456211.8;2164502165","0;0;0;0","0;0;0;0","6;4;0;5","6;0;4;5"
"parsec-streamcluster-simsmall-3",21,57.18,86.04,"1000;1500;2500;1500","2000;2500;2500;3000","1;1;1;1","nan;nan;nan;nan","nan;nan;nan;nan","51.87;55.32;57.18;54.9","53.27;64.9;73.67;86.04","0.6806913877;1.009687648;1.266543711;1.199942331","1.167055801;2.287449784;3.055278314;4.44617602","0.4038772213;0.2588357588;0.06364562118;0.3607503608","0.1506931887;0.2286501377;0.348189415;0.319284802","0.619;0.962;3.928;0.693","1.659;1.089;0.718;0.783","0;0;0;0","0;0;0;0","1615508885;1559251559;636456211.8;2164502165","1205545509;2295684114;3481894150;3831417625","0;0;0;0","0;0;0;0","6;0;4;5","6;0;4;5"
"parsec-streamcluster-simsmall-3",22,86.04,67.23,"2000;2500;2500;3000","2000;1000;2000;1000","1;1;1;1","nan;nan;nan;nan","nan;nan;nan;nan","53.27;64.9;73.67;86.04","63.74;54.18;67.23;57.95","1.167055801;2.287449784;3.055278314;4.44617602","2.097264942;0.7057040537;1.916395412;0.5930448027","0.1506931887;0.2286501377;0.348189415;0.319284802","0.2866972477;0.3521126761;0.2510040161;0.2214348981","1.659;1.089;0.718;0.783","0.872;0.71;0.996;1.129","0;0;0;0","0;0;0;0","1205545509;2295684114;3481894150;3831417625","2293577982;1408450704;2008032129;885739592.6","0;0;0;0","0;0;0;0","6;0;4;5","0;4;5;6"
"parsec-streamcluster-simsmall-3",23,67.23,62.9,"2000;1000;2000;1000","1500;1000;1500;1000","1;1;1;1","nan;nan;nan;nan","nan;nan;nan;nan","63.74;54.18;67.23;57.95","62.9;52.34;61.97;51.72","2.097264942;0.7057040537;1.916395412;0.5930448027","1.678592912;0.7710115107;1.442874512;0.5846273387","0.2866972477;0.3521126761;0.2510040161;0.2214348981","0.3687315634;0.3221649485;0.2937720329;0.1585288523","0.872;0.71;0.996;1.129","0.678;0.776;0.851;1.577","0;0;0;0","0;0;0;0","2293577982;1408450704;2008032129;885739592.6","2212389381;1288659794;1762632197;634115409","0;0;0;0","0;0;0;0","0;4;5;6","5;6;4;0"
"parsec-streamcluster-simsmall-3",24,62.9,67.94,"1500;1000;1500;1000","1000;2500;1000;2500","1;1;1;1","nan;nan;nan;nan","nan;nan;nan;nan","62.9;52.34;61.97;51.72","52.82;62.39;53.61;67.94","1.678592912;0.7710115107;1.442874512;0.5846273387","0.6283530257;2.104592454;0.6837512437;2.601847864","0.3687315634;0.3221649485;0.2937720329;0.1585288523","0.3285151117;0.1744591766;0.408496732;0.2403846154","0.678;0.776;0.851;1.577","0.761;1.433;0.612;1.04","0;0;0;0","0;0;0;0","2212389381;1288659794;1762632197;634115409","1314060447;1744591766;1633986928;2403846154","0;0;0;0","0;0;0;0","5;6;4;0","6;5;4;0"
"parsec-streamcluster-simsmall-3",25,67.94,68.05,"1000;2500;1000;2500","2000;1500;2000;2000","1;1;1;1","nan;nan;nan;nan","nan;nan;nan;nan","52.82;62.39;53.61;67.94","62.39;59.33;60.7;68.05","0.6283530257;2.104592454;0.6837512437;2.601847864","1.983657812;1.389185112;1.786499102;2.184112432","0.3285151117;0.1744591766;0.408496732;0.2403846154","0.2585315408;0.3617945007;0.2206531333;0.2972651605","0.761;1.433;0.612;1.04","0.967;0.691;1.133;0.841","0;0;0;0","0;0;0;0","1314060447;1744591766;1633986928;2403846154","2068252327;2170767004;1765225066;2378121284","0;0;0;0","0;0;0;0","6;5;4;0","4;5;0;6"
"parsec-streamcluster-simsmall-3",26,68.05,73.61,"2000;1500;2000;2000","2500;1000;1000;1500","1;1;1;1","nan;nan;nan;nan","nan;nan;nan;nan","62.39;59.33;60.7;68.05","73.61;51.98;51.97;57.39","1.983657812;1.389185112;1.786499102;2.184112432","2.912238454;0.6335259797;0.6014133627;1.024400928","0.2585315408;0.3617945007;0.2206531333;0.2972651605","0.2808988764;0.3351206434;0.2886836028;0.2691065662","0.967;0.691;1.133;0.841","0.89;0.746;0.866;0.929","0;0;0;0","0;0;0;0","2068252327;2170767004;1765225066;2378121284","2808988764;1340482574;1154734411;1614639397","0;0;0;0","0;0;0;0","4;5;0;6","6;4;5;0"
"parsec-streamcluster-simsmall-3",27,73.61,67.67,"2500;1000;1000;1500","1500;2000;1000;1000","1;1;1;1","nan;nan;nan;nan","nan;nan;nan;nan","73.61;51.98;51.97;57.39","60;67.67;51.17;50.89","2.912238454;0.6335259797;0.6014133627;1.024400928","1.151516871;2.471918052;0.7271502917;0.5469631457","0.2808988764;0.3351206434;0.2886836028;0.2691065662","0.268528464;0.3597122302;0.3765060241;0.1680107527","0.89;0.746;0.866;0.929","0.931;0.695;0.664;1.488","0;0;0;0","0;0;0;0","2808988764;1340482574;1154734411;1614639397","1611170784;2877697842;1506024096;672043010.8","0;0;0;0","0;0;0;0","6;4;5;0","5;4;0;6"
"parsec-streamcluster-simsmall-3",28,67.67,65.2,"1500;2000;1000;1000","1500;1000;2500;2000","1;1;1;1","nan;nan;nan;nan","nan;nan;nan;nan","60;67.67;51.17;50.89","55.78;53.61;65.2;64.02","1.151516871;2.471918052;0.7271502917;0.5469631457","1.04141431;0.6110871887;2.417706184;2.164052212","0.268528464;0.3597122302;0.3765060241;0.1680107527","0.2756339581;0.3022974607;0.2134927412;0.3714710253","0.931;0.695;0.664;1.488","0.907;0.827;1.171;0.673","0;0;0;0","0;0;0;0","1611170784;2877697842;1506024096;672043010.8","1653803749;1209189843;2134927412;2971768202","0;0;0;0","0;0;0;0","5;4;0;6","0;5;4;6"
"parsec-streamcluster-simsmall-3",29,65.2,60.04,"1500;1000;2500;2000","1000;2000;1000;1500","1;1;1;1","nan;nan;nan;nan","nan;nan;nan;nan","55.78;53.61;65.2;64.02","51.48;56.47;54.07;60.04","1.04141431;0.6110871887;2.417706184;2.164052212","0.6484674997;1.388565012;0.7206617877;1.400171982","0.2756339581;0.3022974607;0.2134927412;0.3714710253","0.2860411899;0.1467997651;0.3709198813;0.374251497","0.907;0.827;1.171;0.673","0.874;1.703;0.674;0.668","0;0;0;0","0;0;0;0","1653803749;1209189843;2134927412;2971768202","1144164760;1174398121;1483679525;2245508982","0;0;0;0","0;0;0;0","0;5;4;6","6;0;5;4"
"parsec-streamcluster-simsmall-3",30,60.04,80.83,"1000;2000;1000;1500","2500;1500;2000;2500","1;1;1;1","nan;nan;nan;nan","nan;nan;nan;nan","51.48;56.47;54.07;60.04","72.45;51.38;64.45;80.83","0.6484674997;1.388565012;0.7206617877;1.400171982","3.105619894;0.7612299175;2.168527662;3.688551374","0.2860411899;0.1467997651;0.3709198813;0.374251497","0.2979737783;0.127420999;0.3644314869;0.3731343284","0.874;1.703;0.674;0.668","0.839;1.962;0.686;0.67","0;0;0;0","0;0;0;0","1144164760;1174398121;1483679525;2245508982","2979737783;764525993.9;2915451895;3731343284","0;0;0;0","0;0;0;0","6;0;5;4","4;0;5;6"
